ID Number,First Name,Last Name,CORE?,Last Contact Date,Phone Number,Email
1016,Kaia,Hatherleigh,Yes,2015-06-01,717-355-3601,khatherleighf@furl.net
1068,Anita,Dinkin,Yes,2015-06-01,412-616-4331,adinkin1v@indiatimes.com
1005,Verene,Moreing,Yes,2016-06-01,412-745-4383,vmoreing4@google.nl
1011,Schuyler,Gloster,Yes,2016-06-01,724-485-4918,sglostera@google.ca
1053,Antonio,Grandison,Yes,2016-06-01,570-701-4775,agrandison1g@zimbio.com
1091,Germaine,Grigson,Yes,2016-06-01,267-529-8231,ggrigson2i@blogtalkradio.com
1044,Constantin,Rubinowicz,Yes,2017-06-01,412-886-7888,crubinowicz17@myspace.com
1066,Auguste,Ranstead,Yes,2017-06-01,412-918-2824,aranstead1t@opensource.org
1096,Debbie,McGeachey,Yes,2017-06-01,570-321-4561,dmcgeachey2n@ox.ac.uk
1030,Brigid,Battista,Yes,2018-06-01,610-478-6523,bbattistat@fastcompany.com
1097,Levy,Leborgne,Yes,2018-06-01,570-924-0766,lleborgne2o@irs.gov
1003,Fransisco,Roakes,Yes,2019-06-01,814-179-8928,froakes2@archive.org
1020,Imogene,Hamal,Yes,2019-06-01,610-206-6896,ihamalj@ehow.com
1039,Giustina,Brownlee,Yes,2019-06-01,412-755-8326,gbrownlee12@msu.edu
1050,Wilfred,Rottenbury,Yes,2019-06-01,412-974-4899,wrottenbury1d@amazon.com
1075,Magdalena,Haycraft,Yes,2019-06-01,215-861-1294,mhaycraft22@dion.ne.jp
1079,Ted,Mussilli,Yes,2019-06-01,724-684-1796,tmussilli26@sourceforge.net
1083,Cleavland,Deller,Yes,2019-06-01,814-941-8618,cdeller2a@freewebs.com
1089,Karin,Curl,Yes,2019-06-01,412-879-8819,kcurl2g@chron.com
1033,Lincoln,Bennike,Yes,2020-06-01,215-948-5877,lbennikew@google.com.hk
1048,Orelia,Whistan,Yes,2020-06-01,814-444-2846,owhistan1b@clickbank.net
1049,Kenna,Leithgoe,Yes,2020-06-01,717-238-5664,kleithgoe1c@ifeng.com
1058,Aime,Searby,Yes,2020-06-01,215-687-9450,asearby1l@cnn.com
1070,Melonie,Dignall,Yes,2020-06-01,215-211-1915,mdignall1x@godaddy.com
1100,Roobbie,McCrone,Yes,2020-06-01,215-177-7711,rmccrone2r@edublogs.org
1010,Kristos,Bloor,,2015-06-01,412-134-3938,kbloor9@adobe.com
1012,Rollo,Osment,,2015-06-01,570-980-6876,rosmentb@homestead.com
1023,Edita,Aspel,,2015-06-01,215-767-4862,easpelm@youtu.be
1026,Ephrem,Edlington,,2015-06-01,814-231-5581,eedlingtonp@nasa.gov
1028,Thebault,Phelips,,2015-06-01,724-395-3813,tphelipsr@tamu.edu
1032,Herculie,Paulmann,,2015-06-01,412-274-5084,hpaulmannv@opensource.org
1041,Virginie,Robbins,,2015-06-01,412-261-1808,vrobbins14@army.mil
1046,Brnaby,Pirri,,2015-06-01,215-601-2719,bpirri19@issuu.com
1052,Garik,Duly,,2015-06-01,412-761-6094,gduly1f@smh.com.au
1063,Hartwell,Lamke,,2015-06-01,215-210-9496,hlamke1q@wikia.com
1072,Davin,Bonnell,,2015-06-01,215-971-4333,dbonnell1z@smh.com.au
1073,Misty,Adhams,,2015-06-01,412-935-0462,madhams20@cmu.edu
1081,Gabi,Tregea,,2015-06-01,267-418-9427,gtregea28@google.co.jp
1087,Kirbee,Farbrother,,2015-06-01,215-308-5849,kfarbrother2e@e-recht24.de
1090,Kirby,Siberry,,2015-06-01,610-603-8440,ksiberry2h@macromedia.com
1093,Rhea,Poyzer,,2015-06-01,717-338-5494,rpoyzer2k@amazon.de
1008,Breena,Coulbeck,,2016-06-01,267-932-6494,bcoulbeck7@blogtalkradio.com
1021,Cortie,Bownd,,2016-06-01,412-974-5819,cbowndk@domainmarket.com
1022,Dorice,Malenoir,,2016-06-01,215-575-9150,dmalenoirl@sphinn.com
1024,Birgitta,Maude,,2016-06-01,814-782-5557,bmauden@moonfruit.com
1027,Joachim,Hulme,,2016-06-01,215-463-1470,jhulmeq@deliciousdays.com
1037,Pearline,Bearward,,2016-06-01,267-350-4151,pbearward10@epa.gov
1042,Vevay,McCorkell,,2016-06-01,717-638-4563,vmccorkell15@wordpress.com
1054,Ingemar,Imason,,2016-06-01,814-696-4451,iimason1h@deliciousdays.com
1067,Gerda,O'Cosgra,,2016-06-01,215-237-7069,gocosgra1u@newsvine.com
1071,Donal,Menary,,2016-06-01,570-737-6920,dmenary1y@clickbank.net
1085,Rey,McSaul,,2016-06-01,717-271-6113,rmcsaul2c@hc360.com
1088,Gerry,Antecki,,2016-06-01,412-460-3799,gantecki2f@feedburner.com
1092,Wilt,Elger,,2016-06-01,215-684-1890,welger2j@thetimes.co.uk
1095,Nerissa,Brandone,,2016-06-01,412-502-6335,nbrandone2m@scientificamerican.com
1099,Editha,Cromwell,,2016-06-01,412-820-5924,ecromwell2q@bbb.org
1007,Smitty,Aldin,,2017-06-01,215-280-7492,saldin6@instagram.com
1015,Shina,Gash,,2017-06-01,814-214-3003,sgashe@nsw.gov.au
1019,Hanni,Speeks,,2017-06-01,814-135-2373,hspeeksi@themeforest.net
1031,Berri,MacInerney,,2017-06-01,267-113-5136,bmacinerneyu@ehow.com
1036,Reynard,Staning,,2017-06-01,-6790,rstaningz@wp.com
1038,Abbe,Anthonies,,2017-06-01,717-672-1578,aanthonies11@tiny.cc
1043,Nerty,MacMeeking,,2017-06-01,484-294-1170,nmacmeeking16@dell.com
1076,Roth,Robyns,,2017-06-01,484-764-5803,rrobyns23@soundcloud.com
1077,Gerhard,Hengoed,,2017-06-01,412-995-9065,ghengoed24@t-online.de
1082,Jany,Pfeffle,,2017-06-01,215-510-6202,jpfeffle29@abc.net.au
1086,Rossie,Hanniger,,2017-06-01,412-654-0226,rhanniger2d@mapy.cz
1094,Blair,Clewlowe,,2017-06-01,814-405-3684,bclewlowe2l@dagondesign.com
1004,Ives,Proschek,,2018-06-01,267-417-5898,iproschek3@guardian.co.uk
1018,Rheba,Duester,,2018-06-01,215-686-1040,rduesterh@facebook.com
1034,Cad,de Guerre,,2018-06-01,215-309-4936,cdex@macromedia.com
1051,Olvan,Sedgmond,,2018-06-01,215-801-4730,osedgmond1e@google.com.au
1055,Alfy,Cullivan,,2018-06-01,215-889-5729,acullivan1i@aboutads.info
1059,Frederik,Gartenfeld,,2018-06-01,267-247-7317,fgartenfeld1m@goo.ne.jp
1061,Davida,Douberday,,2018-06-01,412-450-4329,ddouberday1o@google.pl
1062,Lezlie,Stobart,,2018-06-01,610-789-9100,lstobart1p@ehow.com
1078,Pammi,Dury,,2018-06-01,610-860-5691,pdury25@accuweather.com
1006,Giacinta,Stenbridge,,2019-06-01,610-543-0299,gstenbridge5@technorati.com
1009,Linnell,Burgher,,2019-06-01,412-877-9368,lburgher8@technorati.com
1025,Ike,McGaw,,2019-06-01,717-904-9171,imcgawo@microsoft.com
1029,Berkly,Wane,,2019-06-01,570-389-7445,bwanes@cbslocal.com
1035,Tedman,Keese,,2019-06-01,570-630-0952,tkeesey@bloglines.com
1040,Omar,Tadman,,2019-06-01,484-782-8931,otadman13@home.pl
1045,Cornie,Bagg,,2019-06-01,610-582-1841,cbagg18@apache.org
1056,Maighdiln,Lamperd,,2019-06-01,724-438-6323,mlamperd1j@gnu.org
1065,Eddie,Szymonwicz,,2019-06-01,724-584-0567,eszymonwicz1s@google.com.br
1069,Penny,Twinborough,,2019-06-01,570-285-3026,ptwinborough1w@alibaba.com
1084,Dacy,Dargue,,2019-06-01,412-288-2091,ddargue2b@pagesperso-orange.fr
1098,Juana,Gear,,2019-06-01,215-436-9366,jgear2p@usa.gov
1013,Jamal,Lorant,,2020-06-01,570-631-7632,jlorantc@devhub.com
1014,Benedikta,Scholey,,2020-06-01,610-809-9300,bscholeyd@discuz.net
1017,Torrie,Donlon,,2020-06-01,717-300-8567,tdonlong@a8.net
1047,Leeann,Wetherby,,2020-06-01,570-573-8240,lwetherby1a@ycombinator.com
1057,Thornie,Yelden,,2020-06-01,717-979-7150,tyelden1k@live.com
1060,Kendricks,Hubback,,2020-06-01,814-835-7259,khubback1n@netlog.com
1064,Neille,Keemer,,2020-06-01,814-901-6842,nkeemer1r@vimeo.com
1074,Jaquith,Linley,,2020-06-01,484-678-1485,jlinley21@blogtalkradio.com
1080,Travis,Fateley,,2020-06-01,717-546-9848,tfateley27@csmonitor.com
