Last Name,First Name,CORE Alumni?,Graduation Year,Phone Number,Birthday,Gender,Street Address,City,State,ZipCode,Email,Church Affiliation,Highschool,College,Job,Special Health Info,Parent (Guardian) Name,Parent (Guardian) Phone Number,Parent (Guardian) Email,Emergency Contact Name,Emergency Contact Phone Number,OPTIONS?,Education,Athletics,Performing Arts
Woolham,Raquela,,2018,215-468-0239,2/5/2002,Female,06453 Pond Parkway,Philadelphia,Pennsylvania,15212,rwoolham0@eepurl.com,Huntsville United Church,Sacramento Highschool,Knoxville University,Administrative Assistant III,,Raquela Woolham,936-438-0413,rwoolham0@symantec.com,Raquela Woolham,916-731-6094,Yes,,,Yes
Nice,Selinda,,2019,412-384-9183,7/25/2002,Female,6 Grasskamp Street,Pittsburgh,Pennsylvania,15212,snice1@oracle.com,Tulsa United Church,Long Beach Highschool,,,,Selinda Nice,918-848-7437,snice1@netscape.com,Selinda Nice,562-113-9156,,,,Yes
Roakes,Fransisco,Yes,2019,814-179-8928,7/31/1998,Female,1514 Glendale Junction,Erie,Pennsylvania,15212,froakes2@archive.org,Washington United Church,Vero Beach Highschool,Kansas City University,Chief Design Engineer,,Fransisco Roakes,202-119-5948,froakes2@unc.edu,Fransisco Roakes,772-829-1098,,,,Yes
Proschek,Ives,,2018,267-417-5898,3/23/2000,Male,7044 Anhalt Alley,Philadelphia,Pennsylvania,15212,iproschek3@guardian.co.uk,,Rochester Highschool,,,,Ives Proschek,360-958-4518,iproschek3@time.com,Ives Proschek,585-695-0195,,,,
Moreing,Verene,Yes,2016,412-745-4383,7/15/1998,Male,7362 Dixon Parkway,Pittsburgh,Pennsylvania,15212,vmoreing4@google.nl,Orlando United Church,Las Vegas Highschool,,,,Verene Moreing,407-950-7949,vmoreing4@amazon.de,Verene Moreing,702-261-4878,,,,
Stenbridge,Giacinta,,2019,610-543-0299,9/12/2000,Male,6278 Moulton Place,Philadelphia,Pennsylvania,15212,gstenbridge5@technorati.com,Naples United Church,Los Angeles Highschool,Salt Lake City University,,,Giacinta Stenbridge,239-649-6598,gstenbridge5@shinystat.com,Giacinta Stenbridge,213-637-9431,,,,
Aldin,Smitty,,2017,215-280-7492,7/13/1999,Female,08 Lyons Point,Philadelphia,Pennsylvania,15212,saldin6@instagram.com,Indianapolis United Church,Tacoma Highschool,,,,Smitty Aldin,317-133-6576,saldin6@infoseek.co.jp,Smitty Aldin,253-628-0483,,Yes,Yes,
Coulbeck,Breena,,2016,267-932-6494,9/17/2002,Female,1 Waywood Drive,Levittown,Pennsylvania,15212,bcoulbeck7@blogtalkradio.com,Jacksonville United Church,Greensboro Highschool,,,,Breena Coulbeck,904-384-6082,bcoulbeck7@reuters.com,Breena Coulbeck,910-347-4912,Yes,,,Yes
Burgher,Linnell,,2019,412-877-9368,4/19/2002,Male,86 Delladonna Trail,Pittsburgh,Pennsylvania,15212,lburgher8@technorati.com,San Diego United Church,Lake Worth Highschool,Detroit University,Account Executive,,Linnell Burgher,619-242-5409,lburgher8@google.pl,Linnell Burgher,561-543-4150,,,,
Bloor,Kristos,,2015,412-134-3938,5/21/2004,Female,2 Anderson Parkway,Pittsburgh,Pennsylvania,15212,kbloor9@adobe.com,Houston United Church,Murfreesboro Highschool,,Staff Accountant II,,Kristos Bloor,713-934-1346,kbloor9@reddit.com,Kristos Bloor,615-673-2606,,Yes,,Yes
Gloster,Schuyler,Yes,2016,724-485-4918,1/3/2004,Male,24633 Katie Crossing,Pittsburgh,Pennsylvania,15212,sglostera@google.ca,Denver United Church,Oklahoma City Highschool,,Analyst Programmer,,Schuyler Gloster,303-305-5244,sglostera@livejournal.com,Schuyler Gloster,405-734-7952,,Yes,,
Osment,Rollo,,2015,570-980-6876,3/12/2000,Female,6514 Bunting Court,Wilkes Barre,Pennsylvania,15212,rosmentb@homestead.com,Dallas United Church,Bridgeport Highschool,Albany University,Marketing Assistant,,Rollo Osment,214-952-5626,rosmentb@meetup.com,Rollo Osment,203-485-8699,,,Yes,
Lorant,Jamal,,2020,570-631-7632,7/18/2004,Male,28297 Susan Place,Scranton,Pennsylvania,15212,jlorantc@devhub.com,Toledo United Church,Kansas City Highschool,Saint Paul University,Design Engineer,,Jamal Lorant,419-892-0028,jlorantc@csmonitor.com,Jamal Lorant,816-561-8616,,Yes,Yes,
Scholey,Benedikta,,2020,610-809-9300,10/17/2001,Female,8457 Corben Terrace,Philadelphia,Pennsylvania,15212,bscholeyd@discuz.net,Orlando United Church,Trenton Highschool,,Software Test Engineer I,,Benedikta Scholey,407-538-1023,bscholeyd@icq.com,Benedikta Scholey,609-199-6083,Yes,Yes,Yes,
Gash,Shina,,2017,814-214-3003,3/13/2003,Female,832 Boyd Alley,Erie,Pennsylvania,15212,sgashe@nsw.gov.au,Columbia United Church,Fort Lauderdale Highschool,,,,Shina Gash,803-118-4429,sgashe@macromedia.com,Shina Gash,754-102-9004,,,,
Hatherleigh,Kaia,Yes,2015,717-355-3601,1/30/2002,Male,29785 Eastlawn Street,York,Pennsylvania,15212,khatherleighf@furl.net,Springfield United Church,Saint Paul Highschool,Mc Keesport University,Design Engineer,,Kaia Hatherleigh,417-968-1583,khatherleighf@hhs.gov,Kaia Hatherleigh,651-985-7525,,,Yes,
Donlon,Torrie,,2020,717-300-8567,4/2/2001,Male,74135 Kensington Avenue,Harrisburg,Pennsylvania,15212,tdonlong@a8.net,Houston United Church,Kansas City Highschool,Springfield University,,,Torrie Donlon,281-618-9383,tdonlong@timesonline.co.uk,Torrie Donlon,816-338-8819,,,,
Duester,Rheba,,2018,215-686-1040,2/10/2003,Female,127 Elka Hill,Philadelphia,Pennsylvania,15212,rduesterh@facebook.com,Los Angeles United Church,New Castle Highschool,Atlanta University,VP Quality Control,,Rheba Duester,213-368-3366,rduesterh@seattletimes.com,Rheba Duester,724-907-0480,,,,
Speeks,Hanni,,2017,814-135-2373,8/17/1999,Female,01203 South Hill,Erie,Pennsylvania,15212,hspeeksi@themeforest.net,Fargo United Church,Cape Coral Highschool,,,,Hanni Speeks,701-461-1152,hspeeksi@japanpost.jp,Hanni Speeks,239-569-2268,,Yes,,
Hamal,Imogene,Yes,2019,610-206-6896,7/24/2003,Female,62 Butterfield Place,Allentown,Pennsylvania,15212,ihamalj@ehow.com,Duluth United Church,Santa Monica Highschool,,,,Imogene Hamal,218-362-6125,ihamalj@behance.net,Imogene Hamal,310-396-8537,,,,Yes
Bownd,Cortie,,2016,412-974-5819,1/2/2004,Male,45 Homewood Junction,Pittsburgh,Pennsylvania,15212,cbowndk@domainmarket.com,,Albany Highschool,,,,Cortie Bownd,404-726-8419,cbowndk@histats.com,Cortie Bownd,518-974-7232,Yes,Yes,Yes,Yes
Malenoir,Dorice,,2016,215-575-9150,3/13/1999,Female,38783 Service Court,Philadelphia,Pennsylvania,15212,dmalenoirl@sphinn.com,Tyler United Church,Fort Myers Highschool,Mesquite University,,,Dorice Malenoir,903-953-7125,dmalenoirl@globo.com,Dorice Malenoir,239-820-7434,,,,
Aspel,Edita,,2015,215-767-4862,7/13/1998,Female,48 Tomscot Avenue,Philadelphia,Pennsylvania,15212,easpelm@youtu.be,Pasadena United Church,Charleston Highschool,,Editor,,Edita Aspel,323-313-1805,easpelm@springer.com,Edita Aspel,304-626-6559,,,,
Maude,Birgitta,,2016,814-782-5557,2/11/2000,Male,2560 Welch Trail,Erie,Pennsylvania,15212,bmauden@moonfruit.com,,Fort Smith Highschool,San Diego University,General Manager,,Birgitta Maude,302-205-6284,bmauden@hao123.com,Birgitta Maude,479-238-6897,,,,
McGaw,Ike,,2019,717-904-9171,6/10/2002,Female,81240 Elka Terrace,Harrisburg,Pennsylvania,15212,imcgawo@microsoft.com,Fairbanks United Church,Midland Highschool,Las Cruces University,,,Ike McGaw,907-617-0621,imcgawo@deliciousdays.com,Ike McGaw,432-211-3767,,,,
Edlington,Ephrem,,2015,814-231-5581,12/1/1998,Male,0 Erie Junction,Erie,Pennsylvania,15212,eedlingtonp@nasa.gov,Huntsville United Church,Shreveport Highschool,,Help Desk Technician,,Ephrem Edlington,936-608-4075,eedlingtonp@wunderground.com,Ephrem Edlington,318-750-5365,Yes,Yes,,
Hulme,Joachim,,2016,215-463-1470,1/19/1998,Female,0 Crescent Oaks Junction,Philadelphia,Pennsylvania,15212,jhulmeq@deliciousdays.com,,San Jose Highschool,,,,Joachim Hulme,626-781-2781,jhulmeq@cam.ac.uk,Joachim Hulme,408-314-6775,,Yes,Yes,
Phelips,Thebault,,2015,724-395-3813,9/16/2001,Male,2616 Amoth Trail,New Castle,Pennsylvania,15212,tphelipsr@tamu.edu,Hartford United Church,Buffalo Highschool,Orange University,,,Thebault Phelips,860-658-5941,tphelipsr@nydailynews.com,Thebault Phelips,716-762-3986,,,,
Wane,Berkly,,2019,570-389-7445,1/2/2003,Female,7 Lukken Street,Wilkes Barre,Pennsylvania,15212,bwanes@cbslocal.com,Houston United Church,El Paso Highschool,,,Paradoxurus hermaphroditus,Berkly Wane,281-275-2549,bwanes@nbcnews.com,Berkly Wane,915-565-8412,,,Yes,
Battista,Brigid,Yes,2018,610-478-6523,10/27/2001,Male,16 Spohn Way,Allentown,Pennsylvania,15212,bbattistat@fastcompany.com,Tallahassee United Church,Southfield Highschool,,Civil Engineer,,Brigid Battista,850-138-6406,bbattistat@ning.com,Brigid Battista,313-752-2735,,Yes,,
MacInerney,Berri,,2017,267-113-5136,11/23/2001,Male,90829 Hollow Ridge Trail,Philadelphia,Pennsylvania,15212,bmacinerneyu@ehow.com,Meridian United Church,Roanoke Highschool,Dallas University,,,Berri MacInerney,601-243-7441,bmacinerneyu@narod.ru,Berri MacInerney,540-429-0264,,,,Yes
Paulmann,Herculie,,2015,412-274-5084,2/11/2003,Male,36 Hazelcrest Street,Mc Keesport,Pennsylvania,15212,hpaulmannv@opensource.org,Brea United Church,Indianapolis Highschool,Chicago University,,,Herculie Paulmann,714-604-0085,hpaulmannv@dion.ne.jp,Herculie Paulmann,317-108-7778,,Yes,,
Bennike,Lincoln,Yes,2020,215-948-5877,11/2/2002,Male,34 Lawn Avenue,Philadelphia,Pennsylvania,15212,lbennikew@google.com.hk,Montgomery United Church,San Diego Highschool,,Librarian,,Lincoln Bennike,334-707-0520,lbennikew@examiner.com,Lincoln Bennike,619-327-8864,Yes,,,Yes
de Guerre,Cad,,2018,215-309-4936,9/4/1999,Female,13 Kennedy Place,Philadelphia,Pennsylvania,15212,cdex@macromedia.com,Fairbanks United Church,Bonita Springs Highschool,Wilkes Barre University,,,Cad de Guerre,907-966-9137,cdex@cpanel.net,Cad de Guerre,941-471-5261,Yes,,,
Keese,Tedman,,2019,570-630-0952,3/9/2001,Male,37443 Superior Alley,Wilkes Barre,Pennsylvania,15212,tkeesey@bloglines.com,Erie United Church,Fresno Highschool,,,,Tedman Keese,814-342-8974,tkeesey@dmoz.org,Tedman Keese,559-869-5824,,,,
Staning,Reynard,,2017,-6790,2/7/2001,Male,0338 Schiller Park,Pittsburgh,Pennsylvania,15212,rstaningz@wp.com,Bakersfield United Church,Indianapolis Highschool,Philadelphia University,Compensation Analyst,,Reynard Staning,661-125-0837,rstaningz@tinypic.com,Reynard Staning,317-898-9768,Yes,Yes,,Yes
Bearward,Pearline,,2016,267-350-4151,9/27/1998,Male,815 Banding Lane,Philadelphia,Pennsylvania,15212,pbearward10@epa.gov,Amarillo United Church,Amarillo Highschool,,,,Pearline Bearward,806-773-4215,pbearward10@ucla.edu,Pearline Bearward,806-676-1280,,,,
Anthonies,Abbe,,2017,717-672-1578,2/10/1999,Male,1 Stone Corner Alley,Harrisburg,Pennsylvania,15212,aanthonies11@tiny.cc,Modesto United Church,Dallas Highschool,,,,Abbe Anthonies,209-622-3592,aanthonies11@accuweather.com,Abbe Anthonies,214-452-6270,Yes,,,
Brownlee,Giustina,Yes,2019,412-755-8326,2/14/2002,Male,296 Springview Place,Pittsburgh,Pennsylvania,15212,gbrownlee12@msu.edu,North Little Rock United Church,Visalia Highschool,Milwaukee University,Analyst Programmer,,Giustina Brownlee,501-205-3848,gbrownlee12@unicef.org,Giustina Brownlee,209-180-4848,,,,
Tadman,Omar,,2019,484-782-8931,12/17/2001,Male,9672 Ilene Drive,Reading,Pennsylvania,15212,otadman13@home.pl,Birmingham United Church,Alexandria Highschool,Spring University,,,Omar Tadman,205-757-8863,otadman13@wikia.com,Omar Tadman,318-312-9041,,Yes,,
Robbins,Virginie,,2015,412-261-1808,7/29/2002,Female,50 Sauthoff Circle,Pittsburgh,Pennsylvania,15212,vrobbins14@army.mil,,Memphis Highschool,Shawnee Mission University,,,Virginie Robbins,228-713-3701,vrobbins14@chron.com,Virginie Robbins,901-248-7174,,Yes,,
McCorkell,Vevay,,2016,717-638-4563,9/18/2003,Female,3368 Arapahoe Court,Harrisburg,Pennsylvania,15212,vmccorkell15@wordpress.com,,Riverside Highschool,,Sales Representative,,Vevay McCorkell,404-313-4400,vmccorkell15@tamu.edu,Vevay McCorkell,951-962-1214,Yes,,,
MacMeeking,Nerty,,2017,484-294-1170,3/15/2002,Male,7617 Maple Way,Valley Forge,Pennsylvania,15212,nmacmeeking16@dell.com,Pittsburgh United Church,Anaheim Highschool,,,Megaderma spasma,Nerty MacMeeking,724-316-1601,nmacmeeking16@yolasite.com,Nerty MacMeeking,714-354-6317,Yes,,,
Rubinowicz,Constantin,Yes,2017,412-886-7888,4/9/2002,Female,0 Steensland Avenue,Pittsburgh,Pennsylvania,15212,crubinowicz17@myspace.com,Springfield United Church,Houston Highschool,,,,Constantin Rubinowicz,217-693-2329,crubinowicz17@phoca.cz,Constantin Rubinowicz,281-396-2162,,,Yes,
Bagg,Cornie,,2019,610-582-1841,10/10/2000,Male,0739 Briar Crest Parkway,Reading,Pennsylvania,15212,cbagg18@apache.org,,Albany Highschool,Houston University,,,Cornie Bagg,786-419-0367,cbagg18@people.com.cn,Cornie Bagg,518-245-2876,Yes,,,
Pirri,Brnaby,,2015,215-601-2719,9/19/2002,Male,4 Trailsway Hill,Philadelphia,Pennsylvania,15212,bpirri19@issuu.com,,Minneapolis Highschool,Jacksonville University,,Eremophila alpestris,Brnaby Pirri,202-723-7587,bpirri19@webmd.com,Brnaby Pirri,952-818-4555,,,,
Wetherby,Leeann,,2020,570-573-8240,5/3/2002,Female,57732 Corry Circle,Scranton,Pennsylvania,15212,lwetherby1a@ycombinator.com,Miami United Church,Decatur Highschool,,,,Leeann Wetherby,786-189-9086,lwetherby1a@plala.or.jp,Leeann Wetherby,217-312-1139,Yes,Yes,,
Whistan,Orelia,Yes,2020,814-444-2846,7/2/2003,Female,68368 Holy Cross Court,Erie,Pennsylvania,15212,owhistan1b@clickbank.net,Tacoma United Church,Palatine Highschool,El Paso University,,,Orelia Whistan,253-382-1352,owhistan1b@china.com.cn,Orelia Whistan,847-224-3832,Yes,Yes,,
Leithgoe,Kenna,Yes,2020,717-238-5664,3/4/2003,Male,218 Southridge Circle,Harrisburg,Pennsylvania,15212,kleithgoe1c@ifeng.com,Saint Louis United Church,Wichita Highschool,Winston Salem University,,,Kenna Leithgoe,636-511-2076,kleithgoe1c@amazon.co.jp,Kenna Leithgoe,316-911-7825,,,Yes,Yes
Rottenbury,Wilfred,Yes,2019,412-974-4899,8/14/2001,Female,6 Hintze Junction,Pittsburgh,Pennsylvania,15212,wrottenbury1d@amazon.com,,Florence Highschool,Pasadena University,,,Wilfred Rottenbury,512-686-4420,wrottenbury1d@addthis.com,Wilfred Rottenbury,843-327-0888,,,,
Sedgmond,Olvan,,2018,215-801-4730,9/29/2003,Female,72966 Utah Point,Philadelphia,Pennsylvania,15212,osedgmond1e@google.com.au,Charlotte United Church,San Jose Highschool,,,,Olvan Sedgmond,704-102-6907,osedgmond1e@dropbox.com,Olvan Sedgmond,408-286-0286,,Yes,,Yes
Duly,Garik,,2015,412-761-6094,1/9/1998,Female,55099 Stang Center,Pittsburgh,Pennsylvania,15212,gduly1f@smh.com.au,Memphis United Church,Trenton Highschool,,,,Garik Duly,901-766-6485,gduly1f@pagesperso-orange.fr,Garik Duly,609-577-2205,,Yes,Yes,Yes
Grandison,Antonio,Yes,2016,570-701-4775,12/2/2003,Male,42094 Shopko Alley,Wilkes Barre,Pennsylvania,15212,agrandison1g@zimbio.com,North Port United Church,Lubbock Highschool,Littleton University,,,Antonio Grandison,941-233-5815,agrandison1g@ifeng.com,Antonio Grandison,806-333-3775,,,Yes,
Imason,Ingemar,,2016,814-696-4451,6/30/2001,Female,16 Pleasure Place,Johnstown,Pennsylvania,15212,iimason1h@deliciousdays.com,Boston United Church,Pinellas Park Highschool,,Financial Advisor,Cynictis penicillata,Ingemar Imason,508-962-6347,iimason1h@cafepress.com,Ingemar Imason,850-983-0279,,,,
Cullivan,Alfy,,2018,215-889-5729,3/12/1999,Female,76947 Mendota Center,Philadelphia,Pennsylvania,15212,acullivan1i@aboutads.info,Indianapolis United Church,Jacksonville Highschool,,,,Alfy Cullivan,317-145-4576,acullivan1i@skype.com,Alfy Cullivan,904-838-4835,,,,
Lamperd,Maighdiln,,2019,724-438-6323,5/27/2002,Male,93 Crest Line Avenue,New Castle,Pennsylvania,15212,mlamperd1j@gnu.org,New York City United Church,Billings Highschool,Virginia Beach University,,,Maighdiln Lamperd,718-701-7543,mlamperd1j@archive.org,Maighdiln Lamperd,406-350-2785,,,,Yes
Yelden,Thornie,,2020,717-979-7150,8/30/2001,Female,0034 Southridge Crossing,Harrisburg,Pennsylvania,15212,tyelden1k@live.com,Trenton United Church,Dayton Highschool,,Information Systems Manager,,Thornie Yelden,609-695-6587,tyelden1k@google.pl,Thornie Yelden,937-705-5668,,,,
Searby,Aime,Yes,2020,215-687-9450,3/26/2004,Male,15 Morrow Circle,Philadelphia,Pennsylvania,15212,asearby1l@cnn.com,El Paso United Church,Tacoma Highschool,Charleston University,,,Aime Searby,915-510-4272,asearby1l@hibu.com,Aime Searby,253-927-6459,,,,
Gartenfeld,Frederik,,2018,267-247-7317,8/7/2004,Female,9687 Shelley Park,Levittown,Pennsylvania,15212,fgartenfeld1m@goo.ne.jp,Brooklyn United Church,Alexandria Highschool,Baltimore University,,,Frederik Gartenfeld,718-814-7334,fgartenfeld1m@comsenz.com,Frederik Gartenfeld,571-445-5433,,,,
Hubback,Kendricks,,2020,814-835-7259,9/20/1998,Male,56519 Troy Circle,Erie,Pennsylvania,15212,khubback1n@netlog.com,Dayton United Church,Lynchburg Highschool,,,,Kendricks Hubback,937-589-7136,khubback1n@un.org,Kendricks Hubback,434-650-9671,,,,
Douberday,Davida,,2018,412-450-4329,4/3/2002,Male,853 Laurel Hill,Mc Keesport,Pennsylvania,15212,ddouberday1o@google.pl,San Jose United Church,San Antonio Highschool,,,,Davida Douberday,408-338-7726,ddouberday1o@sina.com.cn,Davida Douberday,210-965-9260,,Yes,Yes,
Stobart,Lezlie,,2018,610-789-9100,6/14/2003,Female,9140 Katie Drive,Philadelphia,Pennsylvania,15212,lstobart1p@ehow.com,El Paso United Church,Sacramento Highschool,Whittier University,Software Test Engineer IV,,Lezlie Stobart,915-991-7097,lstobart1p@addthis.com,Lezlie Stobart,916-714-9104,,,Yes,
Lamke,Hartwell,,2015,215-210-9496,5/30/2003,Male,2 Hermina Drive,Philadelphia,Pennsylvania,15212,hlamke1q@wikia.com,Sacramento United Church,Sacramento Highschool,Harrisburg University,,,Hartwell Lamke,916-489-8468,hlamke1q@icq.com,Hartwell Lamke,916-279-9158,Yes,,,
Keemer,Neille,,2020,814-901-6842,10/4/2003,Male,22 Petterle Circle,Erie,Pennsylvania,15212,nkeemer1r@vimeo.com,Long Beach United Church,Long Beach Highschool,,Director of Sales,,Neille Keemer,562-924-4894,nkeemer1r@pagesperso-orange.fr,Neille Keemer,562-121-5572,,,,
Szymonwicz,Eddie,,2019,724-584-0567,1/4/2004,Female,2 Ruskin Court,Pittsburgh,Pennsylvania,15212,eszymonwicz1s@google.com.br,Santa Fe United Church,Macon Highschool,Cincinnati University,,,Eddie Szymonwicz,505-641-4120,eszymonwicz1s@hubpages.com,Eddie Szymonwicz,478-270-4676,,,,Yes
Ranstead,Auguste,Yes,2017,412-918-2824,10/25/1999,Female,051 Summer Ridge Park,Pittsburgh,Pennsylvania,15212,aranstead1t@opensource.org,Palatine United Church,Madison Highschool,Denver University,Mechanical Systems Engineer,,Auguste Ranstead,847-265-7641,aranstead1t@berkeley.edu,Auguste Ranstead,608-489-3146,,Yes,,
O'Cosgra,Gerda,,2016,215-237-7069,6/7/2004,Male,2 Cordelia Pass,Philadelphia,Pennsylvania,15212,gocosgra1u@newsvine.com,Washington United Church,Chattanooga Highschool,Miami University,,,Gerda O'Cosgra,202-508-8442,gocosgra1u@state.gov,Gerda O'Cosgra,423-657-2529,,,,Yes
Dinkin,Anita,Yes,2015,412-616-4331,9/3/2002,Female,6790 Ridgeway Point,Pittsburgh,Pennsylvania,15212,adinkin1v@indiatimes.com,,Bethlehem Highschool,Houston University,,,Anita Dinkin,206-695-0010,adinkin1v@blinklist.com,Anita Dinkin,267-115-2612,,,,Yes
Twinborough,Penny,,2019,570-285-3026,5/6/2001,Male,87 Scofield Drive,Scranton,Pennsylvania,15212,ptwinborough1w@alibaba.com,San Diego United Church,Toledo Highschool,,,,Penny Twinborough,619-814-5087,ptwinborough1w@unicef.org,Penny Twinborough,419-224-6071,,Yes,Yes,
Dignall,Melonie,Yes,2020,215-211-1915,1/7/1999,Female,12192 Hoffman Hill,Philadelphia,Pennsylvania,15212,mdignall1x@godaddy.com,Louisville United Church,Kalamazoo Highschool,,,,Melonie Dignall,502-451-9519,mdignall1x@tmall.com,Melonie Dignall,269-694-6745,,,,
Menary,Donal,,2016,570-737-6920,10/27/2002,Male,37707 Veith Plaza,Scranton,Pennsylvania,15212,dmenary1y@clickbank.net,El Paso United Church,Arlington Highschool,Sioux Falls University,,,Donal Menary,915-466-4448,dmenary1y@t-online.de,Donal Menary,571-863-4840,,Yes,,
Bonnell,Davin,,2015,215-971-4333,8/29/2000,Male,73 Sugar Lane,Philadelphia,Pennsylvania,15212,dbonnell1z@smh.com.au,Peoria United Church,Denver Highschool,Orlando University,Tax Accountant,,Davin Bonnell,309-216-6351,dbonnell1z@networkadvertising.org,Davin Bonnell,303-133-5605,,,,
Adhams,Misty,,2015,412-935-0462,2/9/2004,Female,5504 Old Shore Trail,Pittsburgh,Pennsylvania,15212,madhams20@cmu.edu,Shreveport United Church,West Palm Beach Highschool,,Health Coach I,,Misty Adhams,318-755-8180,madhams20@vistaprint.com,Misty Adhams,561-609-6200,,Yes,,
Linley,Jaquith,,2020,484-678-1485,12/27/2000,Male,595 Straubel Road,Valley Forge,Pennsylvania,15212,jlinley21@blogtalkradio.com,Charleston United Church,Phoenix Highschool,,Chemical Engineer,,Jaquith Linley,843-303-9513,jlinley21@washington.edu,Jaquith Linley,602-400-1901,Yes,,,
Haycraft,Magdalena,Yes,2019,215-861-1294,2/28/1999,Female,00369 Scoville Avenue,Philadelphia,Pennsylvania,15212,mhaycraft22@dion.ne.jp,Fort Lauderdale United Church,Houston Highschool,Staten Island University,,,Magdalena Haycraft,754-730-0786,mhaycraft22@i2i.jp,Magdalena Haycraft,713-790-9834,,,Yes,
Robyns,Roth,,2017,484-764-5803,10/4/2002,Male,1440 Kropf Parkway,Reading,Pennsylvania,15212,rrobyns23@soundcloud.com,Long Beach United Church,Orlando Highschool,,Analog Circuit Design manager,,Roth Robyns,323-201-7219,rrobyns23@phoca.cz,Roth Robyns,407-235-2403,,Yes,,
Hengoed,Gerhard,,2017,412-995-9065,5/13/1999,Female,0 Loeprich Center,Pittsburgh,Pennsylvania,15212,ghengoed24@t-online.de,Midland United Church,Nashville Highschool,Lynchburg University,,,Gerhard Hengoed,989-970-5943,ghengoed24@technorati.com,Gerhard Hengoed,615-135-0320,,Yes,,
Dury,Pammi,,2018,610-860-5691,12/30/1998,Female,63522 Weeping Birch Avenue,Reading,Pennsylvania,15212,pdury25@accuweather.com,Beaumont United Church,Miami Highschool,,Professor,,Pammi Dury,936-727-9987,pdury25@nyu.edu,Pammi Dury,305-406-7788,,,,Yes
Mussilli,Ted,Yes,2019,724-684-1796,10/31/2002,Male,8020 Scofield Parkway,New Castle,Pennsylvania,15212,tmussilli26@sourceforge.net,Naples United Church,Seattle Highschool,Charleston University,,,Ted Mussilli,941-977-3125,tmussilli26@discovery.com,Ted Mussilli,425-104-5044,,,,
Fateley,Travis,,2020,717-546-9848,11/4/2003,Male,0479 Northview Court,York,Pennsylvania,15212,tfateley27@csmonitor.com,Birmingham United Church,Greensboro Highschool,Washington University,,,Travis Fateley,205-720-7245,tfateley27@macromedia.com,Travis Fateley,336-220-4887,,,,
Tregea,Gabi,,2015,267-418-9427,3/10/2001,Male,57817 Kropf Lane,Philadelphia,Pennsylvania,15212,gtregea28@google.co.jp,Delray Beach United Church,Dallas Highschool,,Recruiting Manager,,Gabi Tregea,561-870-4444,gtregea28@bizjournals.com,Gabi Tregea,214-918-3499,,Yes,,
Pfeffle,Jany,,2017,215-510-6202,1/11/1998,Female,75 Orin Point,Philadelphia,Pennsylvania,15212,jpfeffle29@abc.net.au,,New York City Highschool,Denver University,Software Consultant,,Jany Pfeffle,718-952-1614,jpfeffle29@cornell.edu,Jany Pfeffle,212-435-1893,,,,
Deller,Cleavland,Yes,2019,814-941-8618,1/19/1999,Male,999 Granby Road,Erie,Pennsylvania,15212,cdeller2a@freewebs.com,,Seattle Highschool,Melbourne University,Assistant Professor,,Cleavland Deller,937-842-9983,cdeller2a@addtoany.com,Cleavland Deller,206-832-8755,,,,
Dargue,Dacy,,2019,412-288-2091,8/3/2001,Female,16338 Becker Crossing,Pittsburgh,Pennsylvania,15212,ddargue2b@pagesperso-orange.fr,Las Vegas United Church,El Paso Highschool,Bethesda University,Operator,,Dacy Dargue,702-799-4872,ddargue2b@ca.gov,Dacy Dargue,915-555-4652,,Yes,,
McSaul,Rey,,2016,717-271-6113,1/21/2002,Male,46 Lien Avenue,Harrisburg,Pennsylvania,15212,rmcsaul2c@hc360.com,Birmingham United Church,London Highschool,Philadelphia University,Developer II,,Rey McSaul,205-540-1792,rmcsaul2c@drupal.org,Rey McSaul,606-739-4273,,,,
Hanniger,Rossie,,2017,412-654-0226,5/14/2001,Male,87522 Fisk Way,Pittsburgh,Pennsylvania,15212,rhanniger2d@mapy.cz,Johnstown United Church,Gary Highschool,,,,Rossie Hanniger,814-619-8595,rhanniger2d@macromedia.com,Rossie Hanniger,219-525-7122,,Yes,Yes,
Farbrother,Kirbee,,2015,215-308-5849,9/13/2000,Male,9708 Mayer Circle,Philadelphia,Pennsylvania,15212,kfarbrother2e@e-recht24.de,Tampa United Church,Jersey City Highschool,Atlanta University,Web Developer III,,Kirbee Farbrother,813-577-5449,kfarbrother2e@mashable.com,Kirbee Farbrother,201-999-0276,,Yes,Yes,
Antecki,Gerry,,2016,412-460-3799,5/5/2002,Male,09301 Shelley Park,Pittsburgh,Pennsylvania,15212,gantecki2f@feedburner.com,,Little Rock Highschool,,,,Gerry Antecki,212-228-4297,gantecki2f@1688.com,Gerry Antecki,501-944-1530,,,Yes,
Curl,Karin,Yes,2019,412-879-8819,7/26/2000,Male,4281 Pennsylvania Terrace,Pittsburgh,Pennsylvania,15212,kcurl2g@chron.com,Los Angeles United Church,Savannah Highschool,Springfield University,Programmer III,,Karin Curl,213-132-6439,kcurl2g@prweb.com,Karin Curl,912-453-8928,,Yes,,
Siberry,Kirby,,2015,610-603-8440,2/27/1998,Male,71243 Dryden Place,Reading,Pennsylvania,15212,ksiberry2h@macromedia.com,Grand Rapids United Church,Charlotte Highschool,Charlotte University,Chemical Engineer,,Kirby Siberry,616-899-6859,ksiberry2h@eepurl.com,Kirby Siberry,704-479-7864,,,Yes,Yes
Grigson,Germaine,Yes,2016,267-529-8231,7/16/2001,Female,28490 Coolidge Court,Levittown,Pennsylvania,15212,ggrigson2i@blogtalkradio.com,Whittier United Church,Prescott Highschool,Wichita University,General Manager,,Germaine Grigson,562-430-2235,ggrigson2i@hubpages.com,Germaine Grigson,928-192-7603,,,Yes,
Elger,Wilt,,2016,215-684-1890,10/28/2001,Female,6 Alpine Point,Philadelphia,Pennsylvania,15212,welger2j@thetimes.co.uk,San Antonio United Church,Carson City Highschool,Saint Petersburg University,Nurse,,Wilt Elger,210-510-2339,welger2j@yahoo.com,Wilt Elger,775-983-2649,,Yes,,
Poyzer,Rhea,,2015,717-338-5494,7/6/2002,Female,82 Pankratz Point,Harrisburg,Pennsylvania,15212,rpoyzer2k@amazon.de,Brooklyn United Church,Washington Highschool,Fort Myers University,Compensation Analyst,,Rhea Poyzer,718-189-5189,rpoyzer2k@huffingtonpost.com,Rhea Poyzer,202-461-1904,Yes,,,
Clewlowe,Blair,,2017,814-405-3684,10/5/2002,Male,231 Mcguire Terrace,Erie,Pennsylvania,15212,bclewlowe2l@dagondesign.com,Carol Stream United Church,Washington Highschool,,Financial Advisor,,Blair Clewlowe,309-520-6749,bclewlowe2l@nature.com,Blair Clewlowe,202-470-7717,,Yes,Yes,
Brandone,Nerissa,,2016,412-502-6335,1/12/2001,Male,53559 Susan Plaza,Pittsburgh,Pennsylvania,15212,nbrandone2m@scientificamerican.com,Pittsburgh United Church,Melbourne Highschool,Baton Rouge University,,,Nerissa Brandone,412-263-4095,nbrandone2m@ucsd.edu,Nerissa Brandone,321-430-2647,,,,Yes
McGeachey,Debbie,Yes,2017,570-321-4561,7/29/2000,Female,67 Dapin Point,Wilkes Barre,Pennsylvania,15212,dmcgeachey2n@ox.ac.uk,Syracuse United Church,Lexington Highschool,Houston University,Data Coordiator,,Debbie McGeachey,315-262-7594,dmcgeachey2n@microsoft.com,Debbie McGeachey,859-946-8057,,,,
Leborgne,Levy,Yes,2018,570-924-0766,4/18/2000,Male,0 Westend Plaza,Wilkes Barre,Pennsylvania,15212,lleborgne2o@irs.gov,Milwaukee United Church,Grand Rapids Highschool,,,,Levy Leborgne,414-513-1590,lleborgne2o@istockphoto.com,Levy Leborgne,616-375-3599,,,,Yes
Gear,Juana,,2019,215-436-9366,1/29/1998,Female,7943 Mallard Hill,Philadelphia,Pennsylvania,15212,jgear2p@usa.gov,,Miami Highschool,,Chief Design Engineer,,Juana Gear,901-684-6787,jgear2p@yale.edu,Juana Gear,305-116-3287,Yes,,,
Cromwell,Editha,,2016,412-820-5924,5/2/1998,Female,0523 Rutledge Hill,Pittsburgh,Pennsylvania,15212,ecromwell2q@bbb.org,Gatesville United Church,Bakersfield Highschool,,Product Engineer,,Editha Cromwell,254-695-4661,ecromwell2q@va.gov,Editha Cromwell,661-875-7095,,,,Yes
McCrone,Roobbie,Yes,2020,215-177-7711,3/27/2002,Female,221 Moulton Court,Philadelphia,Pennsylvania,15212,rmccrone2r@edublogs.org,Reno United Church,Charleston Highschool,,,,Roobbie McCrone,775-823-3151,rmccrone2r@chron.com,Roobbie McCrone,843-351-0890,,,Yes,Yes
